--
-- PostgreSQL database dump
--

-- Dumped from database version 15.1
-- Dumped by pg_dump version 15.1

-- Started on 2023-02-16 23:51:22

SET statement_timeout = 0;
SET lock_timeout = 0;
SET idle_in_transaction_session_timeout = 0;
SET client_encoding = 'UTF8';
SET standard_conforming_strings = on;
SELECT pg_catalog.set_config('search_path', '', false);
SET check_function_bodies = false;
SET xmloption = content;
SET client_min_messages = warning;
SET row_security = off;

SET default_tablespace = '';

SET default_table_access_method = heap;

--
-- TOC entry 221 (class 1259 OID 16426)
-- Name: auth_group; Type: TABLE; Schema: public; Owner: myuser
--

CREATE TABLE public.auth_group (
    id integer NOT NULL,
    name character varying(150) NOT NULL
);


ALTER TABLE public.auth_group OWNER TO myuser;

--
-- TOC entry 220 (class 1259 OID 16425)
-- Name: auth_group_id_seq; Type: SEQUENCE; Schema: public; Owner: myuser
--

ALTER TABLE public.auth_group ALTER COLUMN id ADD GENERATED BY DEFAULT AS IDENTITY (
    SEQUENCE NAME public.auth_group_id_seq
    START WITH 1
    INCREMENT BY 1
    NO MINVALUE
    NO MAXVALUE
    CACHE 1
);


--
-- TOC entry 223 (class 1259 OID 16434)
-- Name: auth_group_permissions; Type: TABLE; Schema: public; Owner: myuser
--

CREATE TABLE public.auth_group_permissions (
    id bigint NOT NULL,
    group_id integer NOT NULL,
    permission_id integer NOT NULL
);


ALTER TABLE public.auth_group_permissions OWNER TO myuser;

--
-- TOC entry 222 (class 1259 OID 16433)
-- Name: auth_group_permissions_id_seq; Type: SEQUENCE; Schema: public; Owner: myuser
--

ALTER TABLE public.auth_group_permissions ALTER COLUMN id ADD GENERATED BY DEFAULT AS IDENTITY (
    SEQUENCE NAME public.auth_group_permissions_id_seq
    START WITH 1
    INCREMENT BY 1
    NO MINVALUE
    NO MAXVALUE
    CACHE 1
);


--
-- TOC entry 219 (class 1259 OID 16420)
-- Name: auth_permission; Type: TABLE; Schema: public; Owner: myuser
--

CREATE TABLE public.auth_permission (
    id integer NOT NULL,
    name character varying(255) NOT NULL,
    content_type_id integer NOT NULL,
    codename character varying(100) NOT NULL
);


ALTER TABLE public.auth_permission OWNER TO myuser;

--
-- TOC entry 218 (class 1259 OID 16419)
-- Name: auth_permission_id_seq; Type: SEQUENCE; Schema: public; Owner: myuser
--

ALTER TABLE public.auth_permission ALTER COLUMN id ADD GENERATED BY DEFAULT AS IDENTITY (
    SEQUENCE NAME public.auth_permission_id_seq
    START WITH 1
    INCREMENT BY 1
    NO MINVALUE
    NO MAXVALUE
    CACHE 1
);


--
-- TOC entry 225 (class 1259 OID 16440)
-- Name: auth_user; Type: TABLE; Schema: public; Owner: myuser
--

CREATE TABLE public.auth_user (
    id integer NOT NULL,
    password character varying(128) NOT NULL,
    last_login timestamp with time zone,
    is_superuser boolean NOT NULL,
    username character varying(150) NOT NULL,
    first_name character varying(150) NOT NULL,
    last_name character varying(150) NOT NULL,
    email character varying(254) NOT NULL,
    is_staff boolean NOT NULL,
    is_active boolean NOT NULL,
    date_joined timestamp with time zone NOT NULL
);


ALTER TABLE public.auth_user OWNER TO myuser;

--
-- TOC entry 227 (class 1259 OID 16448)
-- Name: auth_user_groups; Type: TABLE; Schema: public; Owner: myuser
--

CREATE TABLE public.auth_user_groups (
    id bigint NOT NULL,
    user_id integer NOT NULL,
    group_id integer NOT NULL
);


ALTER TABLE public.auth_user_groups OWNER TO myuser;

--
-- TOC entry 226 (class 1259 OID 16447)
-- Name: auth_user_groups_id_seq; Type: SEQUENCE; Schema: public; Owner: myuser
--

ALTER TABLE public.auth_user_groups ALTER COLUMN id ADD GENERATED BY DEFAULT AS IDENTITY (
    SEQUENCE NAME public.auth_user_groups_id_seq
    START WITH 1
    INCREMENT BY 1
    NO MINVALUE
    NO MAXVALUE
    CACHE 1
);


--
-- TOC entry 224 (class 1259 OID 16439)
-- Name: auth_user_id_seq; Type: SEQUENCE; Schema: public; Owner: myuser
--

ALTER TABLE public.auth_user ALTER COLUMN id ADD GENERATED BY DEFAULT AS IDENTITY (
    SEQUENCE NAME public.auth_user_id_seq
    START WITH 1
    INCREMENT BY 1
    NO MINVALUE
    NO MAXVALUE
    CACHE 1
);


--
-- TOC entry 229 (class 1259 OID 16454)
-- Name: auth_user_user_permissions; Type: TABLE; Schema: public; Owner: myuser
--

CREATE TABLE public.auth_user_user_permissions (
    id bigint NOT NULL,
    user_id integer NOT NULL,
    permission_id integer NOT NULL
);


ALTER TABLE public.auth_user_user_permissions OWNER TO myuser;

--
-- TOC entry 228 (class 1259 OID 16453)
-- Name: auth_user_user_permissions_id_seq; Type: SEQUENCE; Schema: public; Owner: myuser
--

ALTER TABLE public.auth_user_user_permissions ALTER COLUMN id ADD GENERATED BY DEFAULT AS IDENTITY (
    SEQUENCE NAME public.auth_user_user_permissions_id_seq
    START WITH 1
    INCREMENT BY 1
    NO MINVALUE
    NO MAXVALUE
    CACHE 1
);


--
-- TOC entry 231 (class 1259 OID 16512)
-- Name: django_admin_log; Type: TABLE; Schema: public; Owner: myuser
--

CREATE TABLE public.django_admin_log (
    id integer NOT NULL,
    action_time timestamp with time zone NOT NULL,
    object_id text,
    object_repr character varying(200) NOT NULL,
    action_flag smallint NOT NULL,
    change_message text NOT NULL,
    content_type_id integer,
    user_id integer NOT NULL,
    CONSTRAINT django_admin_log_action_flag_check CHECK ((action_flag >= 0))
);


ALTER TABLE public.django_admin_log OWNER TO myuser;

--
-- TOC entry 230 (class 1259 OID 16511)
-- Name: django_admin_log_id_seq; Type: SEQUENCE; Schema: public; Owner: myuser
--

ALTER TABLE public.django_admin_log ALTER COLUMN id ADD GENERATED BY DEFAULT AS IDENTITY (
    SEQUENCE NAME public.django_admin_log_id_seq
    START WITH 1
    INCREMENT BY 1
    NO MINVALUE
    NO MAXVALUE
    CACHE 1
);


--
-- TOC entry 217 (class 1259 OID 16412)
-- Name: django_content_type; Type: TABLE; Schema: public; Owner: myuser
--

CREATE TABLE public.django_content_type (
    id integer NOT NULL,
    app_label character varying(100) NOT NULL,
    model character varying(100) NOT NULL
);


ALTER TABLE public.django_content_type OWNER TO myuser;

--
-- TOC entry 216 (class 1259 OID 16411)
-- Name: django_content_type_id_seq; Type: SEQUENCE; Schema: public; Owner: myuser
--

ALTER TABLE public.django_content_type ALTER COLUMN id ADD GENERATED BY DEFAULT AS IDENTITY (
    SEQUENCE NAME public.django_content_type_id_seq
    START WITH 1
    INCREMENT BY 1
    NO MINVALUE
    NO MAXVALUE
    CACHE 1
);


--
-- TOC entry 215 (class 1259 OID 16404)
-- Name: django_migrations; Type: TABLE; Schema: public; Owner: myuser
--

CREATE TABLE public.django_migrations (
    id bigint NOT NULL,
    app character varying(255) NOT NULL,
    name character varying(255) NOT NULL,
    applied timestamp with time zone NOT NULL
);


ALTER TABLE public.django_migrations OWNER TO myuser;

--
-- TOC entry 214 (class 1259 OID 16403)
-- Name: django_migrations_id_seq; Type: SEQUENCE; Schema: public; Owner: myuser
--

ALTER TABLE public.django_migrations ALTER COLUMN id ADD GENERATED BY DEFAULT AS IDENTITY (
    SEQUENCE NAME public.django_migrations_id_seq
    START WITH 1
    INCREMENT BY 1
    NO MINVALUE
    NO MAXVALUE
    CACHE 1
);


--
-- TOC entry 234 (class 1259 OID 16546)
-- Name: django_session; Type: TABLE; Schema: public; Owner: myuser
--

CREATE TABLE public.django_session (
    session_key character varying(40) NOT NULL,
    session_data text NOT NULL,
    expire_date timestamp with time zone NOT NULL
);


ALTER TABLE public.django_session OWNER TO myuser;

--
-- TOC entry 238 (class 1259 OID 16568)
-- Name: rooms_order; Type: TABLE; Schema: public; Owner: myuser
--

CREATE TABLE public.rooms_order (
    id bigint NOT NULL,
    start_time date NOT NULL,
    end_time date NOT NULL,
    room_id bigint NOT NULL,
    user_id integer NOT NULL
);


ALTER TABLE public.rooms_order OWNER TO myuser;

--
-- TOC entry 237 (class 1259 OID 16567)
-- Name: rooms_order_id_seq; Type: SEQUENCE; Schema: public; Owner: myuser
--

ALTER TABLE public.rooms_order ALTER COLUMN id ADD GENERATED BY DEFAULT AS IDENTITY (
    SEQUENCE NAME public.rooms_order_id_seq
    START WITH 1
    INCREMENT BY 1
    NO MINVALUE
    NO MAXVALUE
    CACHE 1
);


--
-- TOC entry 236 (class 1259 OID 16556)
-- Name: rooms_room; Type: TABLE; Schema: public; Owner: myuser
--

CREATE TABLE public.rooms_room (
    id bigint NOT NULL,
    room_type_id bigint NOT NULL
);


ALTER TABLE public.rooms_room OWNER TO myuser;

--
-- TOC entry 235 (class 1259 OID 16555)
-- Name: rooms_room_id_seq; Type: SEQUENCE; Schema: public; Owner: myuser
--

ALTER TABLE public.rooms_room ALTER COLUMN id ADD GENERATED BY DEFAULT AS IDENTITY (
    SEQUENCE NAME public.rooms_room_id_seq
    START WITH 1
    INCREMENT BY 1
    NO MINVALUE
    NO MAXVALUE
    CACHE 1
);


--
-- TOC entry 233 (class 1259 OID 16541)
-- Name: rooms_roomtype; Type: TABLE; Schema: public; Owner: myuser
--

CREATE TABLE public.rooms_roomtype (
    id bigint NOT NULL,
    title character varying(255) NOT NULL,
    daily_payment numeric(14,2) NOT NULL,
    num_guests integer NOT NULL,
    daily_payment_currency character varying(3) NOT NULL
);


ALTER TABLE public.rooms_roomtype OWNER TO myuser;

--
-- TOC entry 232 (class 1259 OID 16540)
-- Name: rooms_roomtype_id_seq; Type: SEQUENCE; Schema: public; Owner: myuser
--

ALTER TABLE public.rooms_roomtype ALTER COLUMN id ADD GENERATED BY DEFAULT AS IDENTITY (
    SEQUENCE NAME public.rooms_roomtype_id_seq
    START WITH 1
    INCREMENT BY 1
    NO MINVALUE
    NO MAXVALUE
    CACHE 1
);


--
-- TOC entry 3450 (class 0 OID 16426)
-- Dependencies: 221
-- Data for Name: auth_group; Type: TABLE DATA; Schema: public; Owner: myuser
--



--
-- TOC entry 3452 (class 0 OID 16434)
-- Dependencies: 223
-- Data for Name: auth_group_permissions; Type: TABLE DATA; Schema: public; Owner: myuser
--



--
-- TOC entry 3448 (class 0 OID 16420)
-- Dependencies: 219
-- Data for Name: auth_permission; Type: TABLE DATA; Schema: public; Owner: myuser
--

INSERT INTO public.auth_permission (id, name, content_type_id, codename) VALUES (1, 'Can add log entry', 1, 'add_logentry');
INSERT INTO public.auth_permission (id, name, content_type_id, codename) VALUES (2, 'Can change log entry', 1, 'change_logentry');
INSERT INTO public.auth_permission (id, name, content_type_id, codename) VALUES (3, 'Can delete log entry', 1, 'delete_logentry');
INSERT INTO public.auth_permission (id, name, content_type_id, codename) VALUES (4, 'Can view log entry', 1, 'view_logentry');
INSERT INTO public.auth_permission (id, name, content_type_id, codename) VALUES (5, 'Can add permission', 2, 'add_permission');
INSERT INTO public.auth_permission (id, name, content_type_id, codename) VALUES (6, 'Can change permission', 2, 'change_permission');
INSERT INTO public.auth_permission (id, name, content_type_id, codename) VALUES (7, 'Can delete permission', 2, 'delete_permission');
INSERT INTO public.auth_permission (id, name, content_type_id, codename) VALUES (8, 'Can view permission', 2, 'view_permission');
INSERT INTO public.auth_permission (id, name, content_type_id, codename) VALUES (9, 'Can add group', 3, 'add_group');
INSERT INTO public.auth_permission (id, name, content_type_id, codename) VALUES (10, 'Can change group', 3, 'change_group');
INSERT INTO public.auth_permission (id, name, content_type_id, codename) VALUES (11, 'Can delete group', 3, 'delete_group');
INSERT INTO public.auth_permission (id, name, content_type_id, codename) VALUES (12, 'Can view group', 3, 'view_group');
INSERT INTO public.auth_permission (id, name, content_type_id, codename) VALUES (13, 'Can add user', 4, 'add_user');
INSERT INTO public.auth_permission (id, name, content_type_id, codename) VALUES (14, 'Can change user', 4, 'change_user');
INSERT INTO public.auth_permission (id, name, content_type_id, codename) VALUES (15, 'Can delete user', 4, 'delete_user');
INSERT INTO public.auth_permission (id, name, content_type_id, codename) VALUES (16, 'Can view user', 4, 'view_user');
INSERT INTO public.auth_permission (id, name, content_type_id, codename) VALUES (17, 'Can add content type', 5, 'add_contenttype');
INSERT INTO public.auth_permission (id, name, content_type_id, codename) VALUES (18, 'Can change content type', 5, 'change_contenttype');
INSERT INTO public.auth_permission (id, name, content_type_id, codename) VALUES (19, 'Can delete content type', 5, 'delete_contenttype');
INSERT INTO public.auth_permission (id, name, content_type_id, codename) VALUES (20, 'Can view content type', 5, 'view_contenttype');
INSERT INTO public.auth_permission (id, name, content_type_id, codename) VALUES (21, 'Can add session', 6, 'add_session');
INSERT INTO public.auth_permission (id, name, content_type_id, codename) VALUES (22, 'Can change session', 6, 'change_session');
INSERT INTO public.auth_permission (id, name, content_type_id, codename) VALUES (23, 'Can delete session', 6, 'delete_session');
INSERT INTO public.auth_permission (id, name, content_type_id, codename) VALUES (24, 'Can view session', 6, 'view_session');
INSERT INTO public.auth_permission (id, name, content_type_id, codename) VALUES (25, 'Can add room type', 7, 'add_roomtype');
INSERT INTO public.auth_permission (id, name, content_type_id, codename) VALUES (26, 'Can change room type', 7, 'change_roomtype');
INSERT INTO public.auth_permission (id, name, content_type_id, codename) VALUES (27, 'Can delete room type', 7, 'delete_roomtype');
INSERT INTO public.auth_permission (id, name, content_type_id, codename) VALUES (28, 'Can view room type', 7, 'view_roomtype');
INSERT INTO public.auth_permission (id, name, content_type_id, codename) VALUES (29, 'Can add room', 8, 'add_room');
INSERT INTO public.auth_permission (id, name, content_type_id, codename) VALUES (30, 'Can change room', 8, 'change_room');
INSERT INTO public.auth_permission (id, name, content_type_id, codename) VALUES (31, 'Can delete room', 8, 'delete_room');
INSERT INTO public.auth_permission (id, name, content_type_id, codename) VALUES (32, 'Can view room', 8, 'view_room');
INSERT INTO public.auth_permission (id, name, content_type_id, codename) VALUES (33, 'Can add Бронь', 9, 'add_order');
INSERT INTO public.auth_permission (id, name, content_type_id, codename) VALUES (34, 'Can change Бронь', 9, 'change_order');
INSERT INTO public.auth_permission (id, name, content_type_id, codename) VALUES (35, 'Can delete Бронь', 9, 'delete_order');
INSERT INTO public.auth_permission (id, name, content_type_id, codename) VALUES (36, 'Can view Бронь', 9, 'view_order');


--
-- TOC entry 3454 (class 0 OID 16440)
-- Dependencies: 225
-- Data for Name: auth_user; Type: TABLE DATA; Schema: public; Owner: myuser
--

INSERT INTO public.auth_user (id, password, last_login, is_superuser, username, first_name, last_name, email, is_staff, is_active, date_joined) VALUES (1, 'pbkdf2_sha256$390000$YQOy1gMBcDax2h5GPOUb3x$lMjLviIZSPq663j2PVVXZXHgtTZ5lgtLwGImEWWETao=', '2023-02-16 16:33:36.947467+03', true, 'admin', '', '', '', true, true, '2023-01-29 18:35:19.845023+03');
INSERT INTO public.auth_user (id, password, last_login, is_superuser, username, first_name, last_name, email, is_staff, is_active, date_joined) VALUES (2, 'pbkdf2_sha256$390000$jkPYes2daIs9SghEmpJzm5$T6fHEf5xQRuqXJCixCctYcW8ucGcUL3nejC2wQYH/Wc=', '2023-02-16 23:48:09.417978+03', false, 'user300123', '', '', '', false, true, '2023-01-30 15:49:44.49235+03');
INSERT INTO public.auth_user (id, password, last_login, is_superuser, username, first_name, last_name, email, is_staff, is_active, date_joined) VALUES (3, 'pbkdf2_sha256$390000$8JIfUUdjcoNQae0dDmSyYP$Pkbb5sjz9w1DYq23CNajhUZxDFRh90YfPjqgMUtSniY=', '2023-02-16 23:50:21.043265+03', false, 'user1554', '', '', '', false, true, '2023-01-30 15:55:05.99413+03');


--
-- TOC entry 3456 (class 0 OID 16448)
-- Dependencies: 227
-- Data for Name: auth_user_groups; Type: TABLE DATA; Schema: public; Owner: myuser
--



--
-- TOC entry 3458 (class 0 OID 16454)
-- Dependencies: 229
-- Data for Name: auth_user_user_permissions; Type: TABLE DATA; Schema: public; Owner: myuser
--



--
-- TOC entry 3460 (class 0 OID 16512)
-- Dependencies: 231
-- Data for Name: django_admin_log; Type: TABLE DATA; Schema: public; Owner: myuser
--

INSERT INTO public.django_admin_log (id, action_time, object_id, object_repr, action_flag, change_message, content_type_id, user_id) VALUES (1, '2023-01-29 18:44:17.722523+03', '27', 'Апартаменты APT-2', 2, '[{"changed": {"fields": ["Title"]}}]', 7, 1);
INSERT INTO public.django_admin_log (id, action_time, object_id, object_repr, action_flag, change_message, content_type_id, user_id) VALUES (2, '2023-01-29 18:44:24.368716+03', '28', 'Апартаменты APT-4', 2, '[{"changed": {"fields": ["Title"]}}]', 7, 1);
INSERT INTO public.django_admin_log (id, action_time, object_id, object_repr, action_flag, change_message, content_type_id, user_id) VALUES (3, '2023-01-29 18:44:38.588366+03', '30', 'Люкс Suite-2', 2, '[{"changed": {"fields": ["Title"]}}]', 7, 1);
INSERT INTO public.django_admin_log (id, action_time, object_id, object_repr, action_flag, change_message, content_type_id, user_id) VALUES (4, '2023-01-29 18:44:43.52033+03', '31', 'Люкс Suite-4', 2, '[{"changed": {"fields": ["Title"]}}]', 7, 1);
INSERT INTO public.django_admin_log (id, action_time, object_id, object_repr, action_flag, change_message, content_type_id, user_id) VALUES (5, '2023-01-29 18:44:48.379846+03', '32', 'Люкс Suite-6', 2, '[{"changed": {"fields": ["Title"]}}]', 7, 1);
INSERT INTO public.django_admin_log (id, action_time, object_id, object_repr, action_flag, change_message, content_type_id, user_id) VALUES (6, '2023-01-29 18:44:52.877825+03', '33', 'Двухэтажный Duplex-4', 2, '[{"changed": {"fields": ["Title"]}}]', 7, 1);
INSERT INTO public.django_admin_log (id, action_time, object_id, object_repr, action_flag, change_message, content_type_id, user_id) VALUES (7, '2023-01-29 18:44:57.765065+03', '34', 'Двухэтажный Duplex-8', 2, '[{"changed": {"fields": ["Title"]}}]', 7, 1);
INSERT INTO public.django_admin_log (id, action_time, object_id, object_repr, action_flag, change_message, content_type_id, user_id) VALUES (8, '2023-01-29 19:04:18.00825+03', '3', 'Студия Studio', 1, '[{"added": {}}]', 8, 1);
INSERT INTO public.django_admin_log (id, action_time, object_id, object_repr, action_flag, change_message, content_type_id, user_id) VALUES (9, '2023-01-29 19:05:23.943309+03', '4', 'Студия Studio', 1, '[{"added": {}}]', 8, 1);
INSERT INTO public.django_admin_log (id, action_time, object_id, object_repr, action_flag, change_message, content_type_id, user_id) VALUES (10, '2023-01-29 19:05:44.777865+03', '5', 'Студия Studio', 1, '[{"added": {}}]', 8, 1);
INSERT INTO public.django_admin_log (id, action_time, object_id, object_repr, action_flag, change_message, content_type_id, user_id) VALUES (11, '2023-01-29 19:05:51.699765+03', '6', 'Студия Studio', 1, '[{"added": {}}]', 8, 1);
INSERT INTO public.django_admin_log (id, action_time, object_id, object_repr, action_flag, change_message, content_type_id, user_id) VALUES (12, '2023-01-29 19:05:57.668786+03', '7', 'Студия Studio', 1, '[{"added": {}}]', 8, 1);
INSERT INTO public.django_admin_log (id, action_time, object_id, object_repr, action_flag, change_message, content_type_id, user_id) VALUES (13, '2023-01-29 19:06:45.895701+03', '8', 'Стандартный STD', 1, '[{"added": {}}]', 8, 1);
INSERT INTO public.django_admin_log (id, action_time, object_id, object_repr, action_flag, change_message, content_type_id, user_id) VALUES (14, '2023-01-29 19:06:52.3098+03', '9', 'Стандартный STD', 1, '[{"added": {}}]', 8, 1);
INSERT INTO public.django_admin_log (id, action_time, object_id, object_repr, action_flag, change_message, content_type_id, user_id) VALUES (15, '2023-01-29 19:06:56.778375+03', '10', 'Стандартный STD', 1, '[{"added": {}}]', 8, 1);
INSERT INTO public.django_admin_log (id, action_time, object_id, object_repr, action_flag, change_message, content_type_id, user_id) VALUES (16, '2023-01-29 19:07:03.364676+03', '11', 'Стандартный STD', 1, '[{"added": {}}]', 8, 1);
INSERT INTO public.django_admin_log (id, action_time, object_id, object_repr, action_flag, change_message, content_type_id, user_id) VALUES (17, '2023-01-29 19:07:10.800263+03', '12', 'Улучшенный SR', 1, '[{"added": {}}]', 8, 1);
INSERT INTO public.django_admin_log (id, action_time, object_id, object_repr, action_flag, change_message, content_type_id, user_id) VALUES (18, '2023-01-29 19:07:16.338893+03', '13', 'Улучшенный SR', 1, '[{"added": {}}]', 8, 1);
INSERT INTO public.django_admin_log (id, action_time, object_id, object_repr, action_flag, change_message, content_type_id, user_id) VALUES (19, '2023-01-29 19:07:21.617229+03', '14', 'Улучшенный SR', 1, '[{"added": {}}]', 8, 1);
INSERT INTO public.django_admin_log (id, action_time, object_id, object_repr, action_flag, change_message, content_type_id, user_id) VALUES (20, '2023-01-29 19:07:27.623555+03', '15', 'Улучшенный SR', 1, '[{"added": {}}]', 8, 1);
INSERT INTO public.django_admin_log (id, action_time, object_id, object_repr, action_flag, change_message, content_type_id, user_id) VALUES (21, '2023-01-29 19:08:02.045681+03', '16', 'Апартаменты APT-2', 1, '[{"added": {}}]', 8, 1);
INSERT INTO public.django_admin_log (id, action_time, object_id, object_repr, action_flag, change_message, content_type_id, user_id) VALUES (22, '2023-01-29 19:08:06.596813+03', '17', 'Апартаменты APT-2', 1, '[{"added": {}}]', 8, 1);
INSERT INTO public.django_admin_log (id, action_time, object_id, object_repr, action_flag, change_message, content_type_id, user_id) VALUES (23, '2023-01-29 19:08:12.645405+03', '18', 'Апартаменты APT-2', 1, '[{"added": {}}]', 8, 1);
INSERT INTO public.django_admin_log (id, action_time, object_id, object_repr, action_flag, change_message, content_type_id, user_id) VALUES (24, '2023-01-29 19:08:20.646964+03', '19', 'Апартаменты APT-2', 1, '[{"added": {}}]', 8, 1);
INSERT INTO public.django_admin_log (id, action_time, object_id, object_repr, action_flag, change_message, content_type_id, user_id) VALUES (25, '2023-01-29 19:08:26.94313+03', '20', 'Апартаменты APT-4', 1, '[{"added": {}}]', 8, 1);
INSERT INTO public.django_admin_log (id, action_time, object_id, object_repr, action_flag, change_message, content_type_id, user_id) VALUES (26, '2023-01-29 19:08:32.301384+03', '21', 'Апартаменты APT-4', 1, '[{"added": {}}]', 8, 1);
INSERT INTO public.django_admin_log (id, action_time, object_id, object_repr, action_flag, change_message, content_type_id, user_id) VALUES (27, '2023-01-29 19:08:36.441857+03', '22', 'Апартаменты APT-4', 1, '[{"added": {}}]', 8, 1);
INSERT INTO public.django_admin_log (id, action_time, object_id, object_repr, action_flag, change_message, content_type_id, user_id) VALUES (28, '2023-01-29 19:08:40.416296+03', '23', 'Апартаменты APT-4', 1, '[{"added": {}}]', 8, 1);
INSERT INTO public.django_admin_log (id, action_time, object_id, object_repr, action_flag, change_message, content_type_id, user_id) VALUES (29, '2023-01-29 19:09:08.303177+03', '24', 'Люкс Suite-2', 1, '[{"added": {}}]', 8, 1);
INSERT INTO public.django_admin_log (id, action_time, object_id, object_repr, action_flag, change_message, content_type_id, user_id) VALUES (30, '2023-01-29 19:09:12.92877+03', '25', 'Люкс Suite-2', 1, '[{"added": {}}]', 8, 1);
INSERT INTO public.django_admin_log (id, action_time, object_id, object_repr, action_flag, change_message, content_type_id, user_id) VALUES (31, '2023-01-29 19:09:18.422977+03', '26', 'Люкс Suite-4', 1, '[{"added": {}}]', 8, 1);
INSERT INTO public.django_admin_log (id, action_time, object_id, object_repr, action_flag, change_message, content_type_id, user_id) VALUES (32, '2023-01-29 19:09:22.873358+03', '27', 'Люкс Suite-6', 1, '[{"added": {}}]', 8, 1);
INSERT INTO public.django_admin_log (id, action_time, object_id, object_repr, action_flag, change_message, content_type_id, user_id) VALUES (33, '2023-01-29 19:09:31.651304+03', '28', 'Двухэтажный Duplex-4', 1, '[{"added": {}}]', 8, 1);
INSERT INTO public.django_admin_log (id, action_time, object_id, object_repr, action_flag, change_message, content_type_id, user_id) VALUES (34, '2023-01-29 19:09:37.263521+03', '29', 'Двухэтажный Duplex-8', 1, '[{"added": {}}]', 8, 1);
INSERT INTO public.django_admin_log (id, action_time, object_id, object_repr, action_flag, change_message, content_type_id, user_id) VALUES (35, '2023-01-30 21:24:49.631427+03', '3', '3', 1, '[{"added": {}}]', 9, 1);
INSERT INTO public.django_admin_log (id, action_time, object_id, object_repr, action_flag, change_message, content_type_id, user_id) VALUES (36, '2023-01-30 21:25:34.345036+03', '4', '4', 1, '[{"added": {}}]', 9, 1);


--
-- TOC entry 3446 (class 0 OID 16412)
-- Dependencies: 217
-- Data for Name: django_content_type; Type: TABLE DATA; Schema: public; Owner: myuser
--

INSERT INTO public.django_content_type (id, app_label, model) VALUES (1, 'admin', 'logentry');
INSERT INTO public.django_content_type (id, app_label, model) VALUES (2, 'auth', 'permission');
INSERT INTO public.django_content_type (id, app_label, model) VALUES (3, 'auth', 'group');
INSERT INTO public.django_content_type (id, app_label, model) VALUES (4, 'auth', 'user');
INSERT INTO public.django_content_type (id, app_label, model) VALUES (5, 'contenttypes', 'contenttype');
INSERT INTO public.django_content_type (id, app_label, model) VALUES (6, 'sessions', 'session');
INSERT INTO public.django_content_type (id, app_label, model) VALUES (7, 'rooms', 'roomtype');
INSERT INTO public.django_content_type (id, app_label, model) VALUES (8, 'rooms', 'room');
INSERT INTO public.django_content_type (id, app_label, model) VALUES (9, 'rooms', 'order');


--
-- TOC entry 3444 (class 0 OID 16404)
-- Dependencies: 215
-- Data for Name: django_migrations; Type: TABLE DATA; Schema: public; Owner: myuser
--

INSERT INTO public.django_migrations (id, app, name, applied) VALUES (1, 'contenttypes', '0001_initial', '2023-01-28 13:18:40.870324+03');
INSERT INTO public.django_migrations (id, app, name, applied) VALUES (2, 'auth', '0001_initial', '2023-01-28 13:18:40.984737+03');
INSERT INTO public.django_migrations (id, app, name, applied) VALUES (3, 'admin', '0001_initial', '2023-01-28 13:18:41.010834+03');
INSERT INTO public.django_migrations (id, app, name, applied) VALUES (4, 'admin', '0002_logentry_remove_auto_add', '2023-01-28 13:18:41.018969+03');
INSERT INTO public.django_migrations (id, app, name, applied) VALUES (5, 'admin', '0003_logentry_add_action_flag_choices', '2023-01-28 13:18:41.026888+03');
INSERT INTO public.django_migrations (id, app, name, applied) VALUES (6, 'contenttypes', '0002_remove_content_type_name', '2023-01-28 13:18:41.042885+03');
INSERT INTO public.django_migrations (id, app, name, applied) VALUES (7, 'auth', '0002_alter_permission_name_max_length', '2023-01-28 13:18:41.05095+03');
INSERT INTO public.django_migrations (id, app, name, applied) VALUES (8, 'auth', '0003_alter_user_email_max_length', '2023-01-28 13:18:41.060049+03');
INSERT INTO public.django_migrations (id, app, name, applied) VALUES (9, 'auth', '0004_alter_user_username_opts', '2023-01-28 13:18:41.068067+03');
INSERT INTO public.django_migrations (id, app, name, applied) VALUES (10, 'auth', '0005_alter_user_last_login_null', '2023-01-28 13:18:41.076737+03');
INSERT INTO public.django_migrations (id, app, name, applied) VALUES (11, 'auth', '0006_require_contenttypes_0002', '2023-01-28 13:18:41.076737+03');
INSERT INTO public.django_migrations (id, app, name, applied) VALUES (12, 'auth', '0007_alter_validators_add_error_messages', '2023-01-28 13:18:41.093587+03');
INSERT INTO public.django_migrations (id, app, name, applied) VALUES (13, 'auth', '0008_alter_user_username_max_length', '2023-01-28 13:18:41.109683+03');
INSERT INTO public.django_migrations (id, app, name, applied) VALUES (14, 'auth', '0009_alter_user_last_name_max_length', '2023-01-28 13:18:41.117796+03');
INSERT INTO public.django_migrations (id, app, name, applied) VALUES (15, 'auth', '0010_alter_group_name_max_length', '2023-01-28 13:18:41.127245+03');
INSERT INTO public.django_migrations (id, app, name, applied) VALUES (16, 'auth', '0011_update_proxy_permissions', '2023-01-28 13:18:41.143449+03');
INSERT INTO public.django_migrations (id, app, name, applied) VALUES (17, 'auth', '0012_alter_user_first_name_max_length', '2023-01-28 13:18:41.151507+03');
INSERT INTO public.django_migrations (id, app, name, applied) VALUES (18, 'rooms', '0001_initial', '2023-01-28 13:18:41.159502+03');
INSERT INTO public.django_migrations (id, app, name, applied) VALUES (19, 'sessions', '0001_initial', '2023-01-28 13:18:41.175968+03');
INSERT INTO public.django_migrations (id, app, name, applied) VALUES (20, 'rooms', '0002_room', '2023-01-29 17:55:20.91717+03');
INSERT INTO public.django_migrations (id, app, name, applied) VALUES (21, 'rooms', '0003_alter_room_options_alter_roomtype_options_and_more', '2023-01-29 19:18:49.325791+03');
INSERT INTO public.django_migrations (id, app, name, applied) VALUES (22, 'rooms', '0004_order', '2023-01-30 21:16:01.066919+03');
INSERT INTO public.django_migrations (id, app, name, applied) VALUES (23, 'rooms', '0005_roomtype_daily_payment_currency_and_more', '2023-02-15 17:40:30.283832+03');


--
-- TOC entry 3463 (class 0 OID 16546)
-- Dependencies: 234
-- Data for Name: django_session; Type: TABLE DATA; Schema: public; Owner: myuser
--

INSERT INTO public.django_session (session_key, session_data, expire_date) VALUES ('24fh2srw3kfidmjmpds2o3fkaopu9ix3', '.eJxVjMsOwiAQRf-FtSEMtDxcuvcbyMAMUjU0Ke3K-O_apAvd3nPOfYmI21rj1nmJE4mzMOL0uyXMD247oDu22yzz3NZlSnJX5EG7vM7Ez8vh_h1U7PVbo7eFB5OCChCQHbo8EhVSxSqAFAxnQAQoAynUZLXzHsdgdHLKWLDi_QH4VjfH:1pSlCv:Plntk4NB6y1YyvpYAyR_XkagQSAIgTtbHI8X2bN9qoE', '2023-03-02 23:50:21.051316+03');


--
-- TOC entry 3467 (class 0 OID 16568)
-- Dependencies: 238
-- Data for Name: rooms_order; Type: TABLE DATA; Schema: public; Owner: myuser
--

INSERT INTO public.rooms_order (id, start_time, end_time, room_id, user_id) VALUES (4, '2023-02-07', '2023-02-14', 20, 3);
INSERT INTO public.rooms_order (id, start_time, end_time, room_id, user_id) VALUES (6, '2023-02-05', '2023-02-07', 18, 1);
INSERT INTO public.rooms_order (id, start_time, end_time, room_id, user_id) VALUES (7, '2023-02-07', '2023-05-31', 21, 3);
INSERT INTO public.rooms_order (id, start_time, end_time, room_id, user_id) VALUES (20, '2023-01-30', '2023-02-14', 5, 2);
INSERT INTO public.rooms_order (id, start_time, end_time, room_id, user_id) VALUES (21, '2023-01-30', '2023-02-14', 7, 2);


--
-- TOC entry 3465 (class 0 OID 16556)
-- Dependencies: 236
-- Data for Name: rooms_room; Type: TABLE DATA; Schema: public; Owner: myuser
--

INSERT INTO public.rooms_room (id, room_type_id) VALUES (3, 29);
INSERT INTO public.rooms_room (id, room_type_id) VALUES (4, 29);
INSERT INTO public.rooms_room (id, room_type_id) VALUES (5, 29);
INSERT INTO public.rooms_room (id, room_type_id) VALUES (6, 29);
INSERT INTO public.rooms_room (id, room_type_id) VALUES (7, 29);
INSERT INTO public.rooms_room (id, room_type_id) VALUES (8, 25);
INSERT INTO public.rooms_room (id, room_type_id) VALUES (9, 25);
INSERT INTO public.rooms_room (id, room_type_id) VALUES (10, 25);
INSERT INTO public.rooms_room (id, room_type_id) VALUES (11, 25);
INSERT INTO public.rooms_room (id, room_type_id) VALUES (12, 26);
INSERT INTO public.rooms_room (id, room_type_id) VALUES (13, 26);
INSERT INTO public.rooms_room (id, room_type_id) VALUES (14, 26);
INSERT INTO public.rooms_room (id, room_type_id) VALUES (15, 26);
INSERT INTO public.rooms_room (id, room_type_id) VALUES (16, 27);
INSERT INTO public.rooms_room (id, room_type_id) VALUES (17, 27);
INSERT INTO public.rooms_room (id, room_type_id) VALUES (18, 27);
INSERT INTO public.rooms_room (id, room_type_id) VALUES (19, 27);
INSERT INTO public.rooms_room (id, room_type_id) VALUES (20, 28);
INSERT INTO public.rooms_room (id, room_type_id) VALUES (21, 28);
INSERT INTO public.rooms_room (id, room_type_id) VALUES (22, 28);
INSERT INTO public.rooms_room (id, room_type_id) VALUES (23, 28);
INSERT INTO public.rooms_room (id, room_type_id) VALUES (24, 30);
INSERT INTO public.rooms_room (id, room_type_id) VALUES (25, 30);
INSERT INTO public.rooms_room (id, room_type_id) VALUES (26, 31);
INSERT INTO public.rooms_room (id, room_type_id) VALUES (27, 32);
INSERT INTO public.rooms_room (id, room_type_id) VALUES (28, 33);
INSERT INTO public.rooms_room (id, room_type_id) VALUES (29, 34);


--
-- TOC entry 3462 (class 0 OID 16541)
-- Dependencies: 233
-- Data for Name: rooms_roomtype; Type: TABLE DATA; Schema: public; Owner: myuser
--

INSERT INTO public.rooms_roomtype (id, title, daily_payment, num_guests, daily_payment_currency) VALUES (25, 'Стандартный STD', 1000.00, 2, 'USD');
INSERT INTO public.rooms_roomtype (id, title, daily_payment, num_guests, daily_payment_currency) VALUES (26, 'Улучшенный SR', 2000.00, 2, 'USD');
INSERT INTO public.rooms_roomtype (id, title, daily_payment, num_guests, daily_payment_currency) VALUES (29, 'Студия Studio', 700.00, 1, 'USD');
INSERT INTO public.rooms_roomtype (id, title, daily_payment, num_guests, daily_payment_currency) VALUES (27, 'Апартаменты APT-2', 3500.00, 2, 'USD');
INSERT INTO public.rooms_roomtype (id, title, daily_payment, num_guests, daily_payment_currency) VALUES (28, 'Апартаменты APT-4', 6500.00, 4, 'USD');
INSERT INTO public.rooms_roomtype (id, title, daily_payment, num_guests, daily_payment_currency) VALUES (30, 'Люкс Suite-2', 10000.00, 2, 'USD');
INSERT INTO public.rooms_roomtype (id, title, daily_payment, num_guests, daily_payment_currency) VALUES (31, 'Люкс Suite-4', 20000.00, 4, 'USD');
INSERT INTO public.rooms_roomtype (id, title, daily_payment, num_guests, daily_payment_currency) VALUES (32, 'Люкс Suite-6', 30000.00, 6, 'USD');
INSERT INTO public.rooms_roomtype (id, title, daily_payment, num_guests, daily_payment_currency) VALUES (33, 'Двухэтажный Duplex-4', 40000.00, 4, 'USD');
INSERT INTO public.rooms_roomtype (id, title, daily_payment, num_guests, daily_payment_currency) VALUES (34, 'Двухэтажный Duplex-8', 70000.00, 8, 'USD');


--
-- TOC entry 3473 (class 0 OID 0)
-- Dependencies: 220
-- Name: auth_group_id_seq; Type: SEQUENCE SET; Schema: public; Owner: myuser
--

SELECT pg_catalog.setval('public.auth_group_id_seq', 1, false);


--
-- TOC entry 3474 (class 0 OID 0)
-- Dependencies: 222
-- Name: auth_group_permissions_id_seq; Type: SEQUENCE SET; Schema: public; Owner: myuser
--

SELECT pg_catalog.setval('public.auth_group_permissions_id_seq', 1, false);


--
-- TOC entry 3475 (class 0 OID 0)
-- Dependencies: 218
-- Name: auth_permission_id_seq; Type: SEQUENCE SET; Schema: public; Owner: myuser
--

SELECT pg_catalog.setval('public.auth_permission_id_seq', 36, true);


--
-- TOC entry 3476 (class 0 OID 0)
-- Dependencies: 226
-- Name: auth_user_groups_id_seq; Type: SEQUENCE SET; Schema: public; Owner: myuser
--

SELECT pg_catalog.setval('public.auth_user_groups_id_seq', 1, false);


--
-- TOC entry 3477 (class 0 OID 0)
-- Dependencies: 224
-- Name: auth_user_id_seq; Type: SEQUENCE SET; Schema: public; Owner: myuser
--

SELECT pg_catalog.setval('public.auth_user_id_seq', 3, true);


--
-- TOC entry 3478 (class 0 OID 0)
-- Dependencies: 228
-- Name: auth_user_user_permissions_id_seq; Type: SEQUENCE SET; Schema: public; Owner: myuser
--

SELECT pg_catalog.setval('public.auth_user_user_permissions_id_seq', 1, false);


--
-- TOC entry 3479 (class 0 OID 0)
-- Dependencies: 230
-- Name: django_admin_log_id_seq; Type: SEQUENCE SET; Schema: public; Owner: myuser
--

SELECT pg_catalog.setval('public.django_admin_log_id_seq', 36, true);


--
-- TOC entry 3480 (class 0 OID 0)
-- Dependencies: 216
-- Name: django_content_type_id_seq; Type: SEQUENCE SET; Schema: public; Owner: myuser
--

SELECT pg_catalog.setval('public.django_content_type_id_seq', 9, true);


--
-- TOC entry 3481 (class 0 OID 0)
-- Dependencies: 214
-- Name: django_migrations_id_seq; Type: SEQUENCE SET; Schema: public; Owner: myuser
--

SELECT pg_catalog.setval('public.django_migrations_id_seq', 23, true);


--
-- TOC entry 3482 (class 0 OID 0)
-- Dependencies: 237
-- Name: rooms_order_id_seq; Type: SEQUENCE SET; Schema: public; Owner: myuser
--

SELECT pg_catalog.setval('public.rooms_order_id_seq', 24, true);


--
-- TOC entry 3483 (class 0 OID 0)
-- Dependencies: 235
-- Name: rooms_room_id_seq; Type: SEQUENCE SET; Schema: public; Owner: myuser
--

SELECT pg_catalog.setval('public.rooms_room_id_seq', 29, true);


--
-- TOC entry 3484 (class 0 OID 0)
-- Dependencies: 232
-- Name: rooms_roomtype_id_seq; Type: SEQUENCE SET; Schema: public; Owner: myuser
--

SELECT pg_catalog.setval('public.rooms_roomtype_id_seq', 34, true);


--
-- TOC entry 3246 (class 2606 OID 16538)
-- Name: auth_group auth_group_name_key; Type: CONSTRAINT; Schema: public; Owner: myuser
--

ALTER TABLE ONLY public.auth_group
    ADD CONSTRAINT auth_group_name_key UNIQUE (name);


--
-- TOC entry 3251 (class 2606 OID 16469)
-- Name: auth_group_permissions auth_group_permissions_group_id_permission_id_0cd325b0_uniq; Type: CONSTRAINT; Schema: public; Owner: myuser
--

ALTER TABLE ONLY public.auth_group_permissions
    ADD CONSTRAINT auth_group_permissions_group_id_permission_id_0cd325b0_uniq UNIQUE (group_id, permission_id);


--
-- TOC entry 3254 (class 2606 OID 16438)
-- Name: auth_group_permissions auth_group_permissions_pkey; Type: CONSTRAINT; Schema: public; Owner: myuser
--

ALTER TABLE ONLY public.auth_group_permissions
    ADD CONSTRAINT auth_group_permissions_pkey PRIMARY KEY (id);


--
-- TOC entry 3248 (class 2606 OID 16430)
-- Name: auth_group auth_group_pkey; Type: CONSTRAINT; Schema: public; Owner: myuser
--

ALTER TABLE ONLY public.auth_group
    ADD CONSTRAINT auth_group_pkey PRIMARY KEY (id);


--
-- TOC entry 3241 (class 2606 OID 16460)
-- Name: auth_permission auth_permission_content_type_id_codename_01ab375a_uniq; Type: CONSTRAINT; Schema: public; Owner: myuser
--

ALTER TABLE ONLY public.auth_permission
    ADD CONSTRAINT auth_permission_content_type_id_codename_01ab375a_uniq UNIQUE (content_type_id, codename);


--
-- TOC entry 3243 (class 2606 OID 16424)
-- Name: auth_permission auth_permission_pkey; Type: CONSTRAINT; Schema: public; Owner: myuser
--

ALTER TABLE ONLY public.auth_permission
    ADD CONSTRAINT auth_permission_pkey PRIMARY KEY (id);


--
-- TOC entry 3262 (class 2606 OID 16452)
-- Name: auth_user_groups auth_user_groups_pkey; Type: CONSTRAINT; Schema: public; Owner: myuser
--

ALTER TABLE ONLY public.auth_user_groups
    ADD CONSTRAINT auth_user_groups_pkey PRIMARY KEY (id);


--
-- TOC entry 3265 (class 2606 OID 16484)
-- Name: auth_user_groups auth_user_groups_user_id_group_id_94350c0c_uniq; Type: CONSTRAINT; Schema: public; Owner: myuser
--

ALTER TABLE ONLY public.auth_user_groups
    ADD CONSTRAINT auth_user_groups_user_id_group_id_94350c0c_uniq UNIQUE (user_id, group_id);


--
-- TOC entry 3256 (class 2606 OID 16444)
-- Name: auth_user auth_user_pkey; Type: CONSTRAINT; Schema: public; Owner: myuser
--

ALTER TABLE ONLY public.auth_user
    ADD CONSTRAINT auth_user_pkey PRIMARY KEY (id);


--
-- TOC entry 3268 (class 2606 OID 16458)
-- Name: auth_user_user_permissions auth_user_user_permissions_pkey; Type: CONSTRAINT; Schema: public; Owner: myuser
--

ALTER TABLE ONLY public.auth_user_user_permissions
    ADD CONSTRAINT auth_user_user_permissions_pkey PRIMARY KEY (id);


--
-- TOC entry 3271 (class 2606 OID 16498)
-- Name: auth_user_user_permissions auth_user_user_permissions_user_id_permission_id_14a6b632_uniq; Type: CONSTRAINT; Schema: public; Owner: myuser
--

ALTER TABLE ONLY public.auth_user_user_permissions
    ADD CONSTRAINT auth_user_user_permissions_user_id_permission_id_14a6b632_uniq UNIQUE (user_id, permission_id);


--
-- TOC entry 3259 (class 2606 OID 16533)
-- Name: auth_user auth_user_username_key; Type: CONSTRAINT; Schema: public; Owner: myuser
--

ALTER TABLE ONLY public.auth_user
    ADD CONSTRAINT auth_user_username_key UNIQUE (username);


--
-- TOC entry 3274 (class 2606 OID 16519)
-- Name: django_admin_log django_admin_log_pkey; Type: CONSTRAINT; Schema: public; Owner: myuser
--

ALTER TABLE ONLY public.django_admin_log
    ADD CONSTRAINT django_admin_log_pkey PRIMARY KEY (id);


--
-- TOC entry 3236 (class 2606 OID 16418)
-- Name: django_content_type django_content_type_app_label_model_76bd3d3b_uniq; Type: CONSTRAINT; Schema: public; Owner: myuser
--

ALTER TABLE ONLY public.django_content_type
    ADD CONSTRAINT django_content_type_app_label_model_76bd3d3b_uniq UNIQUE (app_label, model);


--
-- TOC entry 3238 (class 2606 OID 16416)
-- Name: django_content_type django_content_type_pkey; Type: CONSTRAINT; Schema: public; Owner: myuser
--

ALTER TABLE ONLY public.django_content_type
    ADD CONSTRAINT django_content_type_pkey PRIMARY KEY (id);


--
-- TOC entry 3234 (class 2606 OID 16410)
-- Name: django_migrations django_migrations_pkey; Type: CONSTRAINT; Schema: public; Owner: myuser
--

ALTER TABLE ONLY public.django_migrations
    ADD CONSTRAINT django_migrations_pkey PRIMARY KEY (id);


--
-- TOC entry 3280 (class 2606 OID 16552)
-- Name: django_session django_session_pkey; Type: CONSTRAINT; Schema: public; Owner: myuser
--

ALTER TABLE ONLY public.django_session
    ADD CONSTRAINT django_session_pkey PRIMARY KEY (session_key);


--
-- TOC entry 3286 (class 2606 OID 16572)
-- Name: rooms_order rooms_order_pkey; Type: CONSTRAINT; Schema: public; Owner: myuser
--

ALTER TABLE ONLY public.rooms_order
    ADD CONSTRAINT rooms_order_pkey PRIMARY KEY (id);


--
-- TOC entry 3283 (class 2606 OID 16560)
-- Name: rooms_room rooms_room_pkey; Type: CONSTRAINT; Schema: public; Owner: myuser
--

ALTER TABLE ONLY public.rooms_room
    ADD CONSTRAINT rooms_room_pkey PRIMARY KEY (id);


--
-- TOC entry 3277 (class 2606 OID 16545)
-- Name: rooms_roomtype rooms_roomtype_pkey; Type: CONSTRAINT; Schema: public; Owner: myuser
--

ALTER TABLE ONLY public.rooms_roomtype
    ADD CONSTRAINT rooms_roomtype_pkey PRIMARY KEY (id);


--
-- TOC entry 3244 (class 1259 OID 16539)
-- Name: auth_group_name_a6ea08ec_like; Type: INDEX; Schema: public; Owner: myuser
--

CREATE INDEX auth_group_name_a6ea08ec_like ON public.auth_group USING btree (name varchar_pattern_ops);


--
-- TOC entry 3249 (class 1259 OID 16480)
-- Name: auth_group_permissions_group_id_b120cbf9; Type: INDEX; Schema: public; Owner: myuser
--

CREATE INDEX auth_group_permissions_group_id_b120cbf9 ON public.auth_group_permissions USING btree (group_id);


--
-- TOC entry 3252 (class 1259 OID 16481)
-- Name: auth_group_permissions_permission_id_84c5c92e; Type: INDEX; Schema: public; Owner: myuser
--

CREATE INDEX auth_group_permissions_permission_id_84c5c92e ON public.auth_group_permissions USING btree (permission_id);


--
-- TOC entry 3239 (class 1259 OID 16466)
-- Name: auth_permission_content_type_id_2f476e4b; Type: INDEX; Schema: public; Owner: myuser
--

CREATE INDEX auth_permission_content_type_id_2f476e4b ON public.auth_permission USING btree (content_type_id);


--
-- TOC entry 3260 (class 1259 OID 16496)
-- Name: auth_user_groups_group_id_97559544; Type: INDEX; Schema: public; Owner: myuser
--

CREATE INDEX auth_user_groups_group_id_97559544 ON public.auth_user_groups USING btree (group_id);


--
-- TOC entry 3263 (class 1259 OID 16495)
-- Name: auth_user_groups_user_id_6a12ed8b; Type: INDEX; Schema: public; Owner: myuser
--

CREATE INDEX auth_user_groups_user_id_6a12ed8b ON public.auth_user_groups USING btree (user_id);


--
-- TOC entry 3266 (class 1259 OID 16510)
-- Name: auth_user_user_permissions_permission_id_1fbb5f2c; Type: INDEX; Schema: public; Owner: myuser
--

CREATE INDEX auth_user_user_permissions_permission_id_1fbb5f2c ON public.auth_user_user_permissions USING btree (permission_id);


--
-- TOC entry 3269 (class 1259 OID 16509)
-- Name: auth_user_user_permissions_user_id_a95ead1b; Type: INDEX; Schema: public; Owner: myuser
--

CREATE INDEX auth_user_user_permissions_user_id_a95ead1b ON public.auth_user_user_permissions USING btree (user_id);


--
-- TOC entry 3257 (class 1259 OID 16534)
-- Name: auth_user_username_6821ab7c_like; Type: INDEX; Schema: public; Owner: myuser
--

CREATE INDEX auth_user_username_6821ab7c_like ON public.auth_user USING btree (username varchar_pattern_ops);


--
-- TOC entry 3272 (class 1259 OID 16530)
-- Name: django_admin_log_content_type_id_c4bce8eb; Type: INDEX; Schema: public; Owner: myuser
--

CREATE INDEX django_admin_log_content_type_id_c4bce8eb ON public.django_admin_log USING btree (content_type_id);


--
-- TOC entry 3275 (class 1259 OID 16531)
-- Name: django_admin_log_user_id_c564eba6; Type: INDEX; Schema: public; Owner: myuser
--

CREATE INDEX django_admin_log_user_id_c564eba6 ON public.django_admin_log USING btree (user_id);


--
-- TOC entry 3278 (class 1259 OID 16554)
-- Name: django_session_expire_date_a5c62663; Type: INDEX; Schema: public; Owner: myuser
--

CREATE INDEX django_session_expire_date_a5c62663 ON public.django_session USING btree (expire_date);


--
-- TOC entry 3281 (class 1259 OID 16553)
-- Name: django_session_session_key_c0390e0f_like; Type: INDEX; Schema: public; Owner: myuser
--

CREATE INDEX django_session_session_key_c0390e0f_like ON public.django_session USING btree (session_key varchar_pattern_ops);


--
-- TOC entry 3287 (class 1259 OID 16583)
-- Name: rooms_order_room_id_e88b635c; Type: INDEX; Schema: public; Owner: myuser
--

CREATE INDEX rooms_order_room_id_e88b635c ON public.rooms_order USING btree (room_id);


--
-- TOC entry 3288 (class 1259 OID 16584)
-- Name: rooms_order_user_id_683319f0; Type: INDEX; Schema: public; Owner: myuser
--

CREATE INDEX rooms_order_user_id_683319f0 ON public.rooms_order USING btree (user_id);


--
-- TOC entry 3284 (class 1259 OID 16566)
-- Name: rooms_room_room_type_id_d6bd9615; Type: INDEX; Schema: public; Owner: myuser
--

CREATE INDEX rooms_room_room_type_id_d6bd9615 ON public.rooms_room USING btree (room_type_id);


--
-- TOC entry 3290 (class 2606 OID 16475)
-- Name: auth_group_permissions auth_group_permissio_permission_id_84c5c92e_fk_auth_perm; Type: FK CONSTRAINT; Schema: public; Owner: myuser
--

ALTER TABLE ONLY public.auth_group_permissions
    ADD CONSTRAINT auth_group_permissio_permission_id_84c5c92e_fk_auth_perm FOREIGN KEY (permission_id) REFERENCES public.auth_permission(id) DEFERRABLE INITIALLY DEFERRED;


--
-- TOC entry 3291 (class 2606 OID 16470)
-- Name: auth_group_permissions auth_group_permissions_group_id_b120cbf9_fk_auth_group_id; Type: FK CONSTRAINT; Schema: public; Owner: myuser
--

ALTER TABLE ONLY public.auth_group_permissions
    ADD CONSTRAINT auth_group_permissions_group_id_b120cbf9_fk_auth_group_id FOREIGN KEY (group_id) REFERENCES public.auth_group(id) DEFERRABLE INITIALLY DEFERRED;


--
-- TOC entry 3289 (class 2606 OID 16461)
-- Name: auth_permission auth_permission_content_type_id_2f476e4b_fk_django_co; Type: FK CONSTRAINT; Schema: public; Owner: myuser
--

ALTER TABLE ONLY public.auth_permission
    ADD CONSTRAINT auth_permission_content_type_id_2f476e4b_fk_django_co FOREIGN KEY (content_type_id) REFERENCES public.django_content_type(id) DEFERRABLE INITIALLY DEFERRED;


--
-- TOC entry 3292 (class 2606 OID 16490)
-- Name: auth_user_groups auth_user_groups_group_id_97559544_fk_auth_group_id; Type: FK CONSTRAINT; Schema: public; Owner: myuser
--

ALTER TABLE ONLY public.auth_user_groups
    ADD CONSTRAINT auth_user_groups_group_id_97559544_fk_auth_group_id FOREIGN KEY (group_id) REFERENCES public.auth_group(id) DEFERRABLE INITIALLY DEFERRED;


--
-- TOC entry 3293 (class 2606 OID 16485)
-- Name: auth_user_groups auth_user_groups_user_id_6a12ed8b_fk_auth_user_id; Type: FK CONSTRAINT; Schema: public; Owner: myuser
--

ALTER TABLE ONLY public.auth_user_groups
    ADD CONSTRAINT auth_user_groups_user_id_6a12ed8b_fk_auth_user_id FOREIGN KEY (user_id) REFERENCES public.auth_user(id) DEFERRABLE INITIALLY DEFERRED;


--
-- TOC entry 3294 (class 2606 OID 16504)
-- Name: auth_user_user_permissions auth_user_user_permi_permission_id_1fbb5f2c_fk_auth_perm; Type: FK CONSTRAINT; Schema: public; Owner: myuser
--

ALTER TABLE ONLY public.auth_user_user_permissions
    ADD CONSTRAINT auth_user_user_permi_permission_id_1fbb5f2c_fk_auth_perm FOREIGN KEY (permission_id) REFERENCES public.auth_permission(id) DEFERRABLE INITIALLY DEFERRED;


--
-- TOC entry 3295 (class 2606 OID 16499)
-- Name: auth_user_user_permissions auth_user_user_permissions_user_id_a95ead1b_fk_auth_user_id; Type: FK CONSTRAINT; Schema: public; Owner: myuser
--

ALTER TABLE ONLY public.auth_user_user_permissions
    ADD CONSTRAINT auth_user_user_permissions_user_id_a95ead1b_fk_auth_user_id FOREIGN KEY (user_id) REFERENCES public.auth_user(id) DEFERRABLE INITIALLY DEFERRED;


--
-- TOC entry 3296 (class 2606 OID 16520)
-- Name: django_admin_log django_admin_log_content_type_id_c4bce8eb_fk_django_co; Type: FK CONSTRAINT; Schema: public; Owner: myuser
--

ALTER TABLE ONLY public.django_admin_log
    ADD CONSTRAINT django_admin_log_content_type_id_c4bce8eb_fk_django_co FOREIGN KEY (content_type_id) REFERENCES public.django_content_type(id) DEFERRABLE INITIALLY DEFERRED;


--
-- TOC entry 3297 (class 2606 OID 16525)
-- Name: django_admin_log django_admin_log_user_id_c564eba6_fk_auth_user_id; Type: FK CONSTRAINT; Schema: public; Owner: myuser
--

ALTER TABLE ONLY public.django_admin_log
    ADD CONSTRAINT django_admin_log_user_id_c564eba6_fk_auth_user_id FOREIGN KEY (user_id) REFERENCES public.auth_user(id) DEFERRABLE INITIALLY DEFERRED;


--
-- TOC entry 3299 (class 2606 OID 16573)
-- Name: rooms_order rooms_order_room_id_e88b635c_fk_rooms_room_id; Type: FK CONSTRAINT; Schema: public; Owner: myuser
--

ALTER TABLE ONLY public.rooms_order
    ADD CONSTRAINT rooms_order_room_id_e88b635c_fk_rooms_room_id FOREIGN KEY (room_id) REFERENCES public.rooms_room(id) DEFERRABLE INITIALLY DEFERRED;


--
-- TOC entry 3300 (class 2606 OID 16578)
-- Name: rooms_order rooms_order_user_id_683319f0_fk_auth_user_id; Type: FK CONSTRAINT; Schema: public; Owner: myuser
--

ALTER TABLE ONLY public.rooms_order
    ADD CONSTRAINT rooms_order_user_id_683319f0_fk_auth_user_id FOREIGN KEY (user_id) REFERENCES public.auth_user(id) DEFERRABLE INITIALLY DEFERRED;


--
-- TOC entry 3298 (class 2606 OID 16561)
-- Name: rooms_room rooms_room_room_type_id_d6bd9615_fk_rooms_roomtype_id; Type: FK CONSTRAINT; Schema: public; Owner: myuser
--

ALTER TABLE ONLY public.rooms_room
    ADD CONSTRAINT rooms_room_room_type_id_d6bd9615_fk_rooms_roomtype_id FOREIGN KEY (room_type_id) REFERENCES public.rooms_roomtype(id) DEFERRABLE INITIALLY DEFERRED;


-- Completed on 2023-02-16 23:51:22

--
-- PostgreSQL database dump complete
--

